class,b1,b2,b3,b4,b5,b6,b7,b8,b9,pred_minus_obs_H_b1,pred_minus_obs_H_b2,pred_minus_obs_H_b3,pred_minus_obs_H_b4,pred_minus_obs_H_b5,pred_minus_obs_H_b6,pred_minus_obs_H_b7,pred_minus_obs_H_b8,pred_minus_obs_H_b9,pred_minus_obs_S_b1,pred_minus_obs_S_b2,pred_minus_obs_S_b3,pred_minus_obs_S_b4,pred_minus_obs_S_b5,pred_minus_obs_S_b6,pred_minus_obs_S_b7,pred_minus_obs_S_b8,pred_minus_obs_S_b9
d ,39,36,57,91,59,101,93,27,60,75.7,14.86,40.35,7.97,-32.92,-38.92,-14.94,4.47,-2.36,-18.41,-1.88,-6.43,-21.03,-1.6,-6.18,-22.5,-5.2,-7.86
h ,84,30,57,112,51,98,92,26,62,30.58,20.42,39.83,-16.74,-24.92,-36.33,-15.67,8.16,-2.26,-16.27,-1.95,-6.25,-18.79,-1.99,-6.18,-23.41,-8.87,-10.83
s ,53,25,49,99,51,93,84,26,58,63.2,26.7,49.28,3.25,-24.89,-30.38,-3.6,4.15,-1.46,-15.92,-1.79,-4.64,-17.73,-0.48,-4.69,-19.97,-4.1,-7.07
s ,59,26,49,103,47,92,82,25,56,55.54,24.5,47.9,-6.2,-20.98,-30.28,-5.03,7.77,2.68,-13.77,-2.53,-6.34,-22.03,-2.34,-6.6,-27.1,-7.99,-10.81
d ,57,49,66,103,64,106,114,28,59,59.44,2.62,32.02,-1.33,-37.99,-43.57,-34.25,1.83,-2.94,-21.74,-1.64,-4.62,-23.74,-0.85,-5.5,-22.83,-2.74,-5.84
h ,85,28,56,120,52,98,101,27,65,35.14,23.43,42.29,-16.58,-25.43,-34.14,-17.45,1.58,-10.28,-26.18,-1.89,-5.89,-34.92,-1.89,-8.05,-29.72,-1.94,-4.94
s ,56,29,50,93,51,94,77,26,58,62.5,22.48,48.2,9.69,-24.78,-30.81,3.91,3.09,-2.68,-26.33,-0.55,-3.89,-23.84,0.02,-4.2,-23.17,-0.22,-4.22
d ,40,39,58,82,61,99,89,26,57,73.99,12.91,41.92,17.33,-34.82,-36.19,-11.07,4.28,-0.19,-18.72,-2.61,-8.38,-20.56,-1.51,-6.68,-21.16,-3.42,-6.61
s ,53,27,49,95,49,92,63,25,54,66.97,24.43,49.28,8.08,-22.53,-28.25,19.78,3.75,0.92,-25.65,-2.09,-5.95,-39.27,-2.13,-8.73,-30.73,-2.42,-5.58
o ,51,57,77,90,89,123,97,47,83,64.91,-5.21,21.45,12.21,-62.9,-60.4,-16.75,-16.85,-26.44,-20.97,-1.76,-5.05,-22.01,-0.93,-5.6,-22.26,-3.28,-6.39
d ,34,32,53,97,53,97,59,22,50,83.32,19.34,45.03,4.09,-26.76,-33.99,20.34,7.06,5.3,-22.93,-1.82,-5.44,-27.3,-1.37,-6.44,-23.23,-1.89,-4.89
o ,75,68,89,116,77,118,94,42,76,43.28,-16.52,9.17,-13.26,-50.8,-54.87,-13.2,-12.88,-20.64,-24.49,-1.42,-4.34,-27.33,-0.91,-5.92,-24.1,-1.21,-4.88
o ,64,52,71,98,72,109,87,37,70,50.02,-0.56,27.64,0.31,-46.02,-46.84,-9.36,-5.94,-12.59,-18.32,-2.47,-7.93,-20.07,-1.51,-6.34,-21.78,-4.52,-7.42
d ,51,47,67,95,66,106,97,26,56,66.92,4.48,31.13,7.76,-39.83,-42.96,-16.39,3.16,-0.6,-23.75,-1.66,-4.84,-28.07,-1.14,-6.32,-24.11,-1.67,-5.04
s ,63,28,52,93,51,93,84,25,59,52.49,24.04,46.33,10,-24.96,-30.64,-4.09,5.51,-2.14,-22.89,-1.26,-4.81,-20.77,-0.89,-5.11,-20.06,-3.51,-6.6
o ,41,44,67,64,71,104,84,54,85,71.81,8.35,34.35,33.13,-44.66,-40.47,-7.91,-24.34,-28.44,-18.06,-3.04,-10.02,-18.23,-1.68,-7.48,-19.16,-2.55,-6.17
o ,67,68,89,108,74,114,117,44,86,44.82,-17.32,8.65,-14.46,-46.89,-50.18,-42.21,-14.5,-29.84,-20.1,-0.05,-3.1,-20.06,-1.11,-4.97,-18.07,-0.29,-3.91
d ,62,59,73,91,78,109,112,28,59,51.78,-7.26,26.41,7.38,-52,-46.65,-34.42,2.75,-1.82,-18.39,-2.84,-8.8,-18.93,-1.51,-6.56,-20.28,-3.8,-6.86
s ,50,25,49,92,48,90,62,23,52,63.08,25.84,48.42,5.61,-21.87,-27.52,13.09,5.99,3.1,-19.16,-2.88,-7.25,-31.35,-2.43,-7.84,-22.66,-2.57,-4.99
h ,74,29,55,114,52,101,94,28,65,38.43,23.43,46.57,-19.59,-25.44,-37,-19.66,0.49,-9.11,-17.91,-3.04,-10.05,-15.37,-1.86,-7.9,-17.2,-1.27,-5.42
o ,78,85,101,124,82,126,91,50,80,37.23,-33.92,-3.44,-24.21,-55.89,-63.47,-13.53,-20.94,-24.71,-20.68,-1.6,-5.22,-24.8,-1.16,-5.72,-20.59,-1.67,-4.54
d ,61,50,69,91,73,105,111,27,59,53.31,1.23,28.56,7.9,-47.15,-43.27,-32.78,4.14,-1.6,-19.78,-2.69,-7.74,-20.33,-1.58,-6.46,-20.89,-3.9,-6.68
s ,55,30,53,86,52,94,69,28,61,56.56,20.7,44.65,7.51,-24.94,-30.2,5.07,1.4,-5,-25.66,1.02,-3.15,-22.19,0.65,-2.84,-19.5,1.1,-2.77
h ,68,28,54,110,50,98,95,27,64,40.75,22.88,43.75,-17.2,-23.37,-34.37,-29.05,1.39,-9.84,-14.24,-0.7,-3.01,-16.95,-0.94,-5.06,-7.59,0.24,-2.12
d ,57,55,71,102,70,108,126,27,59,58.55,-2.97,27.12,0.95,-44.02,-45.8,-45.99,3.78,-1.9,-22.16,-2.01,-4.88,-23.59,-1,-5.59,-22.3,-3.61,-6.71
h ,74,30,57,109,50,98,88,28,64,37.75,20.63,40.63,-16.73,-22.13,-33.5,-11.88,2.12,-6.53,-20.83,0.19,-3.08,-18.88,-1.56,-5.22,-19.58,-0.54,-5.02
o ,66,78,101,106,73,114,112,36,73,48.08,-26.47,-2.61,-7.11,-47.11,-52.05,-33.92,-5.12,-15.77,-19.12,-2.7,-8.21,-19.17,-1.41,-6.24,-20.34,-3.67,-6.73
d ,50,39,62,108,55,101,95,26,58,65.11,11.94,35.26,-8.07,-28.99,-38.74,-17.55,3.12,-2.71,-20.94,-1.65,-4.94,-24.67,-1.08,-5.59,-20.79,-1.81,-4.77
d ,50,51,73,78,61,98,89,25,55,63.42,0.86,26.07,21.02,-35.17,-36.07,-11.53,5.7,2.03,-19.05,-2.81,-8.65,-19.11,-1.28,-6.17,-19.51,-3.16,-6.28
d ,45,39,60,105,60,106,98,27,57,68.12,11.67,37.47,-8.42,-33.88,-43.58,-23.51,1.91,-1.94,-18.76,-1.01,-5,-23.14,-1.09,-5.18,-17.79,-1.24,-3.77
d ,45,39,61,108,57,108,74,27,57,66.82,11.67,36.64,-14.65,-29.79,-44.06,1,2.56,-0.69,-19.71,-0.04,-2.99,-19.55,-1.25,-5.1,-18,-0.41,-4.04
s ,57,28,49,96,48,92,78,25,57,57.71,23.08,48.15,4.48,-22.06,-29.98,-0.94,4.47,-1.44,-21.93,-2.47,-4.86,-24.79,-1.08,-5.86,-21.44,-2.33,-5.94
o ,67,75,95,92,84,120,81,53,86,44.85,-24.28,2.59,3.77,-57.73,-57.22,-7.92,-24.11,-30.97,-15.64,-0.66,-2.3,-17.71,-0.63,-4.03,-13.26,-0.37,-2.91
s ,68,28,54,104,50,96,90,28,61,43.51,22.74,43.62,-8.54,-23.66,-33.1,-17.25,0.91,-5.93,-10.26,-0.57,-1.7,-5.4,0.47,-1.36,-5.61,0.26,-1.67
d ,49,46,67,105,57,100,91,25,55,66.99,5.85,30.25,-1.41,-31.14,-38.09,-10.45,5.72,1.95,-21.31,-2.11,-4.91,-24.32,-0.98,-5.5,-22.41,-3.16,-6.14
d ,56,50,68,80,70,100,107,27,60,57.8,0.42,27.5,17.38,-44.61,-39.56,-29.18,3.46,-3.55,-20.35,-2.13,-6.8,-17.57,-1.01,-5.12,-18.96,-2.67,-5.4
d ,61,77,108,83,69,103,93,24,55,52.95,-25.29,-10.87,17.17,-43.39,-41.79,-14.73,6.75,1.92,-20.65,-2.35,-6.66,-20.22,-1.02,-5.55,-20.42,-2.64,-5.72
h ,82,29,54,111,51,97,107,26,63,34.5,22.56,44.5,-3.92,-24.34,-32.79,-24.15,3.4,-6.89,-22.53,-1.87,-6.47,-31.02,-1.97,-8.14,-26.03,-1.92,-5.32
o ,63,70,92,90,87,129,103,70,109,49.2,-19.21,5.67,4.24,-60.53,-66.15,-28.98,-40.84,-53.53,-18.39,-0.31,-2.56,-19.41,-0.83,-4.3,-16.09,-0.47,-3.3
d ,54,57,78,77,69,100,97,26,56,59.42,-6.75,16.98,20.55,-43.64,-39.73,-19.71,4.32,0.25,-20.22,-2.26,-6.65,-16.47,-0.87,-4.77,-17.49,-2.54,-5.28
d ,40,38,59,114,55,105,87,26,58,72.56,12.78,38.64,-19.42,-28.75,-42.52,-13.05,3.04,-2.75,-17.76,-0.34,-2.13,-18.94,-0.7,-3.92,-15.38,-0.48,-3.04
d ,58,52,68,105,65,107,107,27,56,55.13,-1.67,28.04,-8.2,-39.47,-46.19,-32.33,1.79,-1.24,-18.53,-0.61,-3.43,-22.41,-0.74,-4.09,-17.44,-1.16,-3.56
s ,62,27,51,92,47,87,89,25,57,51.04,22.96,43.38,4.66,-21.76,-27.07,-12.25,5.2,-0.93,-19.84,-2.99,-6.22,-11.07,-0.31,-3.64,-14.2,-2.67,-5.79
s ,53,27,49,87,50,90,71,25,55,62.14,24.28,48.07,15.31,-24.29,-28.36,7.09,4.66,0.71,-24.07,-2.26,-5.76,-31.75,-1.61,-6.74,-24.89,-2.85,-5.98
h ,82,29,55,117,50,98,101,26,63,34.21,21.21,42.36,-16.84,-24.14,-35.64,-21.67,2.64,-7.93,-19.7,0.08,-1.2,-24.43,-0.73,-4.36,-20.41,-0.49,-3.02
d ,63,50,69,97,73,109,101,28,60,52.84,0.23,28.34,1.38,-47.16,-46.81,-23.35,0.74,-4.99,-19.85,-0.03,-1.79,-23.22,-0.79,-4.45,-19.2,-0.67,-3.12
d ,54,48,67,115,59,105,118,28,62,59.86,2.61,30.47,-19.76,-33.06,-43.07,-43.23,0.92,-6.95,-17.12,-0.03,-0.29,-19.08,-0.62,-3.35,-15.45,-0.57,-2.67
o ,60,62,85,101,73,115,96,37,73,52.89,-11.6,10.43,-2.35,-47.73,-54.87,-21.37,-7.74,-17.87,-17.73,-0.76,-3.36,-23.32,-0.69,-3.76,-17.22,-1.81,-4.13
d ,54,53,72,81,70,102,106,27,58,58.17,-2.54,22.6,17.15,-44.68,-41.98,-29.34,3.46,-1.58,-22.54,-0.07,-4.62,-19.2,-0.84,-5.06,-20.79,-0.45,-3.33
s ,70,28,54,113,52,100,88,25,63,44.55,22.46,43.37,-17.31,-26.17,-38.22,-12.66,3.85,-8.02,-4.81,0.97,2.27,-8.54,-0.2,-0.04,-7.13,-0.3,-0.14
d ,56,51,69,88,64,104,102,25,54,60.28,0.4,27.6,15.16,-38.42,-42.68,-21.99,5.34,2.49,-21.91,-1.71,-5.25,-25.52,-0.89,-5.42,-22.17,-2.48,-5.39
s ,51,31,55,80,52,90,82,25,56,61.3,19.77,39.83,18.77,-26.64,-29.83,-5.14,5.55,0.5,-30.77,1.99,-4.54,-18.81,-0.66,-5.85,-27.83,0.87,-1.31
s ,63,28,52,98,50,92,83,26,58,54.28,23.18,44.35,6.5,-24.48,-30.8,-2.27,4.45,-1.41,-22.1,-1.58,-5.35,-23.97,-0.33,-4.81,-19.99,-2.05,-4.61
h ,85,34,59,112,58,99,115,26,63,27.51,24.99,40,4.59,-31.54,-37.01,-30.67,8.66,-3.25,-18.02,-8.8,-8.47,-35.97,-1.72,-6.05,-24.83,-5.74,-7.57
h ,93,29,56,126,49,96,121,26,64,29.98,20.91,40.27,-12.35,-23.55,-33.83,-32.69,2.88,-8.85,-28.72,0.11,-5.31,-34.61,-0.8,-6.36,-29.4,-0.32,-3.21
s ,53,29,51,87,49,92,66,24,56,60.98,21.63,46.37,7.84,-23.27,-30.63,8.61,4.88,-1.07,-26.56,0.74,-3.67,-28.71,-0.29,-4.33,-22.42,-0.38,-3.74
o ,52,49,67,54,53,87,62,52,79,60.6,0.08,25.76,40.82,-28.08,-28.07,14.3,-22.3,-23.61,-19.63,-1.72,-5,-18.12,-1.28,-4.96,-16.85,-1.57,-4.05
d ,44,37,59,94,59,100,88,24,53,71.57,14.27,37.03,8.39,-33.57,-39.26,-8.76,6.48,3.51,-20.89,-1.61,-4.59,-24.65,-0.79,-4.8,-20.83,-2.45,-5.22
h ,66,28,54,104,48,95,84,25,59,40.59,21.57,39.57,-15.93,-22.86,-36.13,-14.09,4.5,-3.78,-15.55,-0.16,-4.34,-10.57,-1,-4.31,-12.37,-0.26,-2.81
h ,85,30,56,118,50,96,106,26,60,33.5,20.5,40.5,-11.9,-24.5,-34.9,-21.75,4.41,-2.73,-23.99,-0.42,-5.54,-27.39,-0.92,-5.39,-25.36,-1.81,-5.29
d ,53,40,61,92,60,99,101,25,56,62.25,11.25,34.92,10.02,-34.6,-38.37,-22.1,5.47,0.49,-20.32,-1.59,-4.27,-24.22,-0.8,-4.69,-20.42,-2.48,-5.21
o ,45,43,62,96,63,101,90,30,65,63.77,6.03,31.53,-7.27,-38.71,-43.91,-23.74,-1.89,-11.44,-16.33,0.63,-2.7,-17.18,-0.2,-1.83,-11.33,-0.95,-2.64
o ,61,59,77,99,73,111,105,35,73,52.61,-8.27,20.31,-5.01,-47.45,-50.12,-31.09,-6.15,-18.15,-19.07,-0.19,-2.64,-20.29,-0.49,-3.32,-16.19,-0.65,-3.04
o ,56,69,91,93,96,136,74,54,90,59.92,-17.71,5,9.94,-70.58,-75.28,5.65,-23.42,-33.37,-20.87,-1.07,-4.62,-23.83,-0.66,-4.56,-20.6,-2.14,-4.74
h ,56,26,51,107,49,91,78,23,55,51.23,22.69,42.15,-29.06,-25.75,-35.68,-19.37,3.39,-3.74,-17.84,0.77,-2.66,-10.48,0.44,-0.97,-6.78,0.48,-0.72
s ,49,27,50,85,49,91,65,23,54,58.62,21.76,43.21,-1.72,-25.3,-35.1,-3.05,4.3,-1.53,-23.95,0.32,-2.86,-23.43,-0.83,-3.49,-15.86,-0.71,-2.71
h ,82,30,56,118,49,94,105,26,63,36.99,20.9,40.3,-15.88,-23.41,-32.41,-23.97,3.9,-6.65,-24.65,-0.95,-6.21,-22.79,-1.07,-6,-21.83,-1.07,-4.27
d ,61,50,68,103,65,107,101,27,57,53.47,1.29,28.19,-1.98,-39.57,-46.55,-23.48,3.19,-0.91,-15.52,-1.46,-2.77,-21.1,-0.83,-3.8,-16.41,-2.26,-4.5
d ,59,56,75,88,77,107,114,26,58,56.68,-4.84,20.71,12.76,-51.62,-46.43,-35.29,4.84,-1.16,-23.36,-1.58,-6.44,-23.72,-1.08,-5.63,-21.05,-1.95,-4.79
h ,78,29,55,119,49,97,99,26,63,40.85,20.57,41.14,-21.66,-23.44,-35.44,-18.66,3.28,-6.66,-25.73,-1.05,-8.27,-21.08,-1.69,-7.25,-21.45,-1.02,-4.65
o ,55,58,81,97,77,121,85,38,71,56.46,-7.94,14.45,-5.31,-51.94,-61.81,-13.99,-9.3,-16.49,-16.3,-0.04,-2.15,-16.69,-0.43,-2.48,-13.21,-0.98,-3.09
o ,92,56,83,172,58,110,97,82,108,20.01,-7.05,9.35,-77.01,-33.18,-51.38,-21.07,-52,-52.4,-19.16,-0.82,-4.46,-18.93,-1.08,-4.44,-16.63,-1.5,-3.74
o ,68,76,89,111,82,123,121,35,74,44.09,-25.64,7.07,-18.54,-56.8,-63.39,-49.08,-6.17,-19.31,-16.76,-0.27,-2.29,-17.49,-0.54,-2.75,-14.02,-1.07,-3.24
s ,60,27,49,95,47,88,69,23,53,53.52,22.68,45.27,1.42,-21.82,-28.12,8,7.65,3.6,-19.52,-2.97,-7.33,-26.02,-2.03,-6.91,-19.2,-4.02,-6.92
h ,84,32,57,118,50,95,100,25,62,33.66,18,37.72,-19.39,-24.56,-34.28,-19.4,9.46,-1.65,-24.05,-1.6,-6.96,-22.45,-1.61,-6.4,-21.33,-6.33,-8.76
s ,58,27,51,95,49,94,68,23,55,55.51,24.66,47.4,-1.75,-23.56,-33.53,6.22,5.97,-0.1,-19.98,-2.27,-4.94,-23.41,-1.46,-4.69,-16.93,-1.5,-4.21
d ,57,54,70,79,74,101,94,26,56,55.34,-5.6,21.35,15.23,-49.23,-42.72,-17.69,3.63,-0.94,-21.1,-0.3,-4.11,-19.65,-1.11,-4.4,-17.92,-0.46,-2.75
o ,63,53,74,98,77,113,77,39,68,51.01,-1.64,21.35,3.4,-51.68,-52.8,0.55,-8.36,-11.49,-17.77,-1.08,-3.27,-22.03,-0.7,-4.09,-17.92,-2.13,-4.52
s ,80,29,54,119,50,95,101,24,60,33.33,22.28,42.05,-19.36,-24.69,-35.02,-25.24,6.32,-3.92,5.13,-1.35,-1.41,1.88,-0.53,-0.94,3.67,-1.26,-1.35
s ,59,29,52,97,52,98,74,25,57,54.5,22.78,46.58,-3.71,-26.53,-37.49,0.42,3.99,-2.07,-18.07,0.17,-1.16,-19.03,-0.07,-2.62,-13.87,-0.24,-2.22
d ,56,46,66,115,61,106,101,27,57,57.12,5.15,31.51,-21.93,-35.63,-45.83,-27.83,1.93,-2.18,-17.92,-0.96,-3.2,-18.52,-0.72,-3.33,-15.31,-1.14,-3.41
d ,53,47,66,107,65,107,104,27,57,58.86,3.51,29.42,-10.69,-39.99,-47.89,-31.4,2.68,-1.68,-14.94,-0.47,-2.51,-18.73,-0.53,-2.75,-13.14,-1.92,-3.85
o ,61,67,90,93,92,131,85,56,96,52.6,-15.13,8.69,0.39,-66.51,-70.45,-10.4,-26.99,-41.04,-20,-0.72,-2.33,-20.65,-0.46,-3.13,-16.9,-0.73,-3.04
h ,73,35,61,108,56,95,109,25,59,35.75,21,34.25,3.24,-30.75,-36.25,-35.69,10.83,2.1,-14.22,-6.02,-4.77,-32.81,-0.8,-3.27,-14.72,-7.07,-9.18
o ,98,89,107,152,67,115,114,46,85,15.14,-37.5,-12.28,-51.16,-41.72,-55.12,-37.02,-14.94,-28.14,-18.38,-1.78,-4.85,-22.4,-0.94,-4.61,-18.01,-2.31,-4.97
h ,79,30,55,111,49,94,92,24,59,30.42,19.4,38.67,-17.98,-23.88,-34.21,-15.68,6.22,-2.75,-14.18,-1.46,-5.8,-16.22,-1.41,-5.43,-15.41,-2.38,-4.89
d ,55,50,66,106,63,100,114,26,59,58.34,1.44,29.11,-4.81,-37.62,-39.86,-36.84,4.73,-2.55,-18.13,-0.9,-2.73,-22.85,-0.77,-4.14,-19.04,-2.3,-4.61
d ,55,47,66,100,61,106,92,25,56,58.65,4.83,32.53,-6.95,-35.66,-45.87,-18.05,4.03,-1.1,-18.45,-1.31,-3.94,-18.22,-0.67,-3.28,-15.49,-1.13,-3.36
s ,69,27,51,101,47,88,79,23,54,41.93,21.73,41.24,-7.52,-22.18,-29.38,-3.61,6.71,1.3,-9.39,-1.92,-3.74,-11.79,-1.31,-3.24,-8.18,-2.25,-4.41
o ,71,65,85,100,81,121,120,35,73,41.86,-13.07,13.72,-7.37,-55.67,-60.87,-45.74,-6.05,-18.19,-19.74,-1.1,-3.55,-20.74,-0.64,-3.31,-17.51,-1.09,-3.32
o ,81,98,125,117,90,129,89,46,76,28.79,-50.31,-34.91,-25.59,-65.59,-71.75,-14.35,-16.71,-21.35,-16.7,0.26,-2.5,-15.87,-0.79,-3.25,-14.96,-0.71,-2.72
h ,67,31,55,102,47,89,81,23,56,36.04,16.24,34,-21.83,-23.89,-34.25,-13.77,5.9,-2.28,-8.26,0.54,-1.29,-3.51,0.51,-0.59,-6.17,-0.81,-2.1
o ,61,65,83,144,58,110,139,38,76,52.32,-13.22,13.44,-44.13,-32.56,-49.8,-62.74,-7.4,-19.77,-15.81,-1.77,-2.89,-20.61,-1.02,-4.11,-16.34,-2.58,-4.78
o ,105,160,196,131,65,109,96,40,75,7.66,-112.6,-106.12,-38.71,-40.47,-51.39,-19.3,-10.79,-20.43,-25.7,0.7,-3.87,-22.34,-1.05,-4.52,-20.14,2.24,-0.53
d ,58,51,67,94,65,101,111,26,56,53.47,-1.53,26.13,2.01,-39.93,-41.94,-36.52,4.14,-0.25,-17.32,0.19,-3.26,-18.41,-0.82,-3.93,-15.67,-1.23,-3.91
s ,68,27,51,100,46,87,77,23,54,43.73,21.07,39.75,-6.72,-21.35,-29.09,-1.87,6.36,0.74,-11.73,-1.81,-3.62,-14.88,-1.37,-4.35,-8.78,-2.34,-4.16
o ,62,65,90,97,85,126,92,47,83,52.44,-12.71,9.16,-2.96,-59.82,-66.06,-17.38,-17.95,-28.17,-19.07,-1.45,-4.35,-18.69,-0.58,-3.21,-16.36,-1.17,-3.39
h ,80,29,56,114,48,92,100,25,59,34.37,19.62,37.23,-15.09,-23.14,-32.15,-23.54,4.05,-4.41,-19.84,1.56,-2.46,-20.46,-0.39,-4.35,-17.99,0.11,-2.44
o ,63,71,95,100,87,130,79,43,77,52.16,-18.5,4.5,-4.83,-61.78,-69.99,-3.44,-13.77,-21.94,-19.55,-1.78,-4.91,-19.38,-0.6,-3.39,-17.04,-1.36,-3.63
s ,54,33,59,78,48,87,62,23,52,58.71,14.08,30.44,13.54,-23.59,-29.65,14.77,6.1,2.36,-32.95,1.42,-3.59,-29.02,-1.09,-5.37,-23.56,4.26,2.82
d ,64,54,71,116,63,104,127,26,59,48.88,-2.53,24.02,-14.78,-37.54,-43.87,-49.9,5.12,-2.25,-17.76,-1.11,-2.88,-23.46,-0.93,-4.33,-19.48,-2.8,-5.18
o ,63,68,87,115,75,120,92,42,76,51.09,-16.18,10.95,-17.15,-49.64,-59.83,-16.63,-11.81,-20.05,-16.8,-1.61,-3.96,-19.47,-0.89,-3.82,-15.76,-2.4,-4.61
h ,72,29,56,110,48,92,94,24,59,40.64,19.45,36.64,-17.29,-23.62,-34.17,-19.22,5.13,-3.64,-19.15,0.95,-3,-16.37,-0.33,-3.11,-15.9,0.02,-3.22
h ,70,29,55,106,51,93,100,25,60,37.74,20.73,38.36,-3.9,-25.2,-32.46,-32.17,3.8,-6,-13.94,-0.55,-4.11,-25.68,-1.82,-5.91,-8.59,0.14,-1.97
h ,81,28,52,116,46,90,91,23,57,31.9,18.86,37.19,-26.1,-21.85,-32.95,-12.87,5.79,-3.06,-25.17,0.95,-3.19,-19.72,-0.76,-4,-21.24,2.24,-0.37
h ,70,29,54,114,47,89,98,25,58,45.73,18,36.15,-16.48,-22.26,-31.1,-18.38,3.84,-3.31,-21.74,0.95,-2.44,-21.3,-1.11,-3.8,-19.31,-0.56,-2.94
h ,78,29,53,118,48,89,101,25,58,39.97,19,37,-18.9,-23.17,-31,-23.6,3.74,-4.54,-23.56,0.22,-2.02,-22.3,-1.09,-3.67,-16.88,-0.4,-1.67
d ,41,40,64,85,57,96,76,23,51,70.52,10.55,29.79,14.21,-31.69,-36.4,0.11,7.68,5.21,-17.35,-0.48,-2.83,-22.33,-0.95,-4.31,-18.8,-2.06,-4.6
s ,45,27,49,84,49,94,60,24,55,65.81,24.74,49.47,6.34,-23.89,-34.36,13.07,4.73,-0.59,-26.97,-2.31,-5.66,-28.97,-1.42,-5.21,-26.09,-2.34,-4.84
h ,72,28,54,109,51,97,85,25,60,37.56,23.6,44.36,-23.01,-26.08,-37.6,-14.33,3.25,-6.38,-19.1,-0.61,-5.03,-16.02,-0.63,-3.48,-16.77,-1.15,-2.87
d ,56,49,69,113,63,111,109,26,58,59.11,4.04,31.19,-15.32,-37.68,-50.91,-33.39,4.44,-1.93,-18.84,-2.85,-5.54,-19.9,-0.9,-4.05,-16.65,-2.57,-4.89
d ,51,53,72,88,74,111,64,39,67,61.26,-1.41,23.57,11.49,-48.59,-51.07,11.6,-8.03,-10.57,-17.89,-0.82,-1.82,-21.4,-0.66,-3.75,-19.55,-3.05,-5.48
d ,57,55,73,93,72,107,99,26,57,54.69,-5.93,18.93,1.62,-47.02,-48.44,-24.12,3.51,-2.24,-18.23,0.17,-2.02,-17.9,-0.94,-3.75,-15.88,-0.27,-2.59
d ,59,53,71,110,63,107,96,26,56,52.6,-1.14,27.58,-18.42,-37.92,-47.37,-21.79,2.79,-1.47,-21.61,-0.9,-5.3,-22.3,-0.82,-3.78,-20.86,-1.76,-3.86
h ,78,30,56,107,50,93,84,24,57,28.5,19.5,36.5,-23.34,-24.99,-35.98,-6.17,6.02,-1.04,-12.8,0.84,-2.32,-6.14,-0.41,-1.18,-18.9,0.64,-3.3
o ,52,59,88,95,97,136,63,55,80,63.49,-6.16,11.9,0.18,-71.86,-76.09,13.49,-25.72,-24.92,-20.18,-1.11,-4.22,-18.82,-0.56,-3.14,-17.77,-1.37,-3.61
s ,52,26,48,97,50,95,85,25,58,59.92,25.56,47.64,2.14,-24.66,-35.15,-9.91,5.63,-1.92,-17.13,-0.57,-0.84,-14.69,0.24,-1.69,-21.44,-2.83,-6.45
h ,83,28,54,119,47,92,97,25,58,35.13,19.08,36,-21.66,-22.54,-34.77,-15.03,3.64,-4.34,-24.81,0.01,-3.09,-22.39,-1.2,-3.83,-22.61,-1.07,-2.47
s ,58,30,52,93,49,91,72,24,56,48.54,20.88,41.12,-0.35,-23.63,-32.4,1.8,6.38,-0.52,-14.04,-2.58,-4.12,-18.42,-1.05,-2.99,-13.19,0.48,-3.01
s ,54,26,49,87,44,84,66,22,51,59.69,21.36,41.34,5.85,-19.49,-26.53,11.46,7.05,3.43,-26.07,-2.71,-5.96,-27.46,-2.55,-6.69,-22.5,-1.91,-4.68
s ,54,27,51,87,53,91,72,25,55,57.61,23.97,43.95,12.4,-27.69,-31.23,3.35,5.42,0.91,-19.67,0.45,-4.2,-27.26,-0.23,-5.13,-18.94,-2.92,-5.16
s ,60,28,48,102,45,86,80,24,53,53.88,18.75,41.97,-10.94,-20.8,-29.54,-3.19,4.36,0.52,-15.47,-1.13,-3.15,-13.56,-1.02,-3.55,-16.54,-2.34,-4.27
o ,60,46,73,114,69,116,92,29,63,55.13,6.6,26.39,-19.22,-43.95,-56.32,-15.33,0.09,-8.1,-21.34,-0.46,-3.55,-20.09,-0.56,-3.17,-19.49,-1.32,-3.74
s ,57,35,59,94,66,102,90,32,67,50.24,19.42,36.3,1.83,-40.01,-41.65,-15.77,-1.24,-11.63,-11.34,12.46,7.37,-3.82,3.44,3.94,-16.84,8.84,7.79
h ,72,30,55,99,49,92,89,23,57,28.4,19.5,36.63,-8.66,-24.23,-34.49,-27.7,7.03,-2.78,-6.65,1.35,-0.08,-12.15,-0.09,-1.59,-2.95,0.61,-1.48
s ,67,28,52,102,51,96,84,26,59,49.76,26.5,51.14,-4.07,-25.49,-35.28,-7.74,4.59,-2.76,-16.48,-3.73,-6.58,-14.52,-0.02,-1.57,-10.8,-2.16,-4.29
h ,81,33,56,109,55,95,100,26,61,25.86,22.99,40,-9.52,-27.78,-33.04,-24.53,6.13,-5.33,-12.49,-0.85,2.86,-17.39,-1.27,-3.74,-17.28,2.12,-0.14
s ,65,28,51,99,49,88,78,24,54,45.08,22.3,41.8,-4.87,-23.87,-29.23,-3.3,5.73,0.85,-13.94,-2.43,-4.5,-14.84,-1.29,-4.59,-13.26,-1.71,-3.74
h ,79,27,53,115,47,92,89,24,57,34.07,19.5,36.89,-28.43,-23.27,-36.37,-13.44,3.24,-4.74,-18.88,0.11,-3.07,-11.07,-0.6,-2.42,-15.76,-0.24,-1.52
d ,57,44,67,135,58,111,112,25,55,60.76,10.38,35.83,-37.67,-32.5,-50.27,-34.52,5.02,0.85,-22.2,-2.72,-7,-19.67,-1,-4.22,-18.81,-2.16,-4.66
s ,64,27,51,99,50,96,89,26,58,56.23,29.79,55.97,2.27,-23.27,-33.03,-10.79,6.53,0.32,-19.99,-6.19,-10.83,-18.34,-1.77,-5.75,-15.9,-4.67,-6.65
s ,47,25,48,86,46,88,60,21,50,64.01,25.77,46.48,12.39,-20.75,-28.49,14.59,9.36,5.74,-23.82,-4.02,-6.88,-36.72,-3.27,-8.51,-27.68,-5.22,-7.36
o ,58,58,76,109,80,121,64,48,70,59.55,-4.03,25.95,-11.91,-54.61,-60.54,13.63,-18.2,-14.35,-22.27,-2.19,-6.03,-19.7,-0.9,-3.99,-19.17,-1.93,-4.48
s ,66,27,50,96,47,87,78,22,53,47.68,20.05,40.16,-3.84,-22.62,-30.04,-1.19,6.81,1.02,-17.88,-0.51,-3.03,-13.77,-2.05,-3.93,-11.3,-1.68,-3.01
h ,81,32,57,120,56,107,105,28,63,39.6,25,50.2,-16.28,-28.61,-43.4,-26.41,6.51,-2.69,-23.35,-6.07,-11.21,-24.13,-2.77,-7.07,-18.7,-6.65,-8.99
s ,40,25,47,81,49,87,74,24,55,69.79,24.89,45.49,13.05,-23.97,-28.46,0.32,5.44,-0.46,-28.43,-1.28,-5.49,-25.56,-1.42,-5.88,-27.55,-2.63,-5.26
o ,53,67,97,76,88,130,54,56,92,64.01,-14.03,2.69,20.05,-63.04,-70.47,24.33,-27.03,-37.12,-22.74,0.14,-2.32,-20.47,-0.54,-3.14,-20.83,-1.13,-3.84
s ,58,27,49,95,46,89,81,22,55,50.55,23.7,44.1,-0.59,-20.87,-30.22,-7.63,7.6,-0.41,-13.32,-3.52,-4.35,-15.3,-1.69,-4.49,-15.93,-3.31,-5.5
d ,47,38,60,121,57,108,91,25,54,70.75,14.9,39.4,-24.32,-32.09,-48.69,-11.99,4.14,1.06,-23.04,0.36,-1.65,-20.31,-0.44,-2.86,-21.01,-1.15,-3.95
s ,50,27,50,79,45,84,68,23,54,62.24,20.9,41.68,15.56,-20.35,-25.68,7.93,6.19,0.54,-30.47,-2.34,-7.63,-29.62,-1.71,-5.83,-26.83,-0.92,-2.18
s ,66,29,53,99,52,96,89,25,57,51.71,24.54,48.11,1.82,-26.67,-35.51,-9.96,4.93,-1.27,-19.44,-1.27,-4.94,-15.68,-0.5,-3.61,-15.16,-1.06,-3.76
h ,80,28,54,115,52,95,93,24,58,35.9,23.96,42.79,-22.48,-28.24,-38.08,-14.27,3.82,-4.44,-20.87,1.88,1.84,-15.21,0.83,-0.26,-20.32,0.55,-2.29
s ,53,26,50,91,50,94,66,22,53,65.03,27.79,51.52,9.7,-24.66,-33.49,13.24,7.92,2.75,-27.07,-3.05,-7.77,-35.23,-2.38,-7.44,-26.98,-3.24,-5.96
h ,89,30,58,122,54,101,102,25,59,32.05,23.21,43.07,-20.01,-28.4,-40.46,-19.41,5.38,-2.23,-26.01,0.72,-2.45,-24.49,-0.96,-3.86,-24.05,-1.86,-5.44
s ,46,28,50,82,51,90,67,24,54,67.16,22.52,45.32,17.56,-25.99,-30.28,9.21,5.74,1.17,-31.34,-0.8,-5.32,-40.37,-2.43,-7.94,-34.14,-3.82,-6.47
d ,53,45,66,102,55,100,89,25,54,57.37,4.92,27.73,-4.26,-30.05,-41,-15.03,4.47,0.73,-19.14,-0.45,-3.55,-22.47,-0.99,-4.81,-18.85,-0.54,-3.02
d ,54,50,69,101,64,107,104,26,55,64.92,3.86,32.05,-1.69,-38.85,-46.97,-23.48,3.46,0.47,-24.38,-0.08,-2.97,-22.39,-0.82,-3.83,-22.89,-1.58,-4.54
s ,61,29,52,96,55,100,78,26,57,58.07,24.23,48.23,2.59,-29.96,-40.32,2.7,3.27,-1.66,-23.97,1.38,-1.56,-20,0.21,-2.51,-21.23,0.2,-3.25
h ,85,29,55,122,55,103,101,26,62,34.29,25.14,47.14,-24.14,-29.72,-42.15,-20.86,2.45,-7.41,-23.62,0.21,-2.47,-19.65,-0.72,-3.93,-21.59,-0.18,-3.34
d ,46,41,61,117,58,109,86,24,55,71.9,12.26,39.3,-16.21,-32.81,-48.79,-6.57,5.65,0.48,-23.73,-1.15,-5.57,-25.8,-1.15,-4.97,-22.48,-2.03,-4.66
s ,59,28,53,95,49,91,77,23,54,53.27,22.12,41.73,3.5,-24.11,-31.56,-1.79,6.62,1.01,-17.2,-1.35,-3.23,-20.21,-1.25,-6.04,-19.1,1.25,-1.43
h ,76,29,54,115,49,95,97,24,60,36.6,21,40.8,-17.27,-24.3,-35.1,-22.19,5.6,-5.09,-20.95,-0.72,-3.97,-24.83,-1.08,-6.17,-20.37,-1.34,-3.89
s ,62,27,49,90,46,86,82,24,55,49.97,21.2,43.67,4.47,-21.28,-27.2,-5.54,5.43,-0.05,-21.31,-2.03,-5.75,-12.54,-0.73,-3.09,-14.55,-1.76,-3.87
d ,57,42,61,107,66,106,101,25,54,62.14,11.83,39.99,-7.93,-40.9,-46.09,-20.14,4.31,1.38,-24.06,0.61,-2.21,-20.79,-0.5,-3.23,-22.28,-0.88,-4.12
o ,67,48,68,110,72,115,81,34,66,51.87,5.77,33.27,-11.84,-46.93,-54.94,-0.7,-5.02,-10.97,-23.25,0.65,-1.84,-19.67,-0.48,-3.16,-21.6,-0.63,-3.77
d ,53,48,65,87,60,98,95,25,54,57.03,0.61,27.42,8.72,-35.13,-39.23,-20.53,4.43,0.79,-19.23,-0.77,-5.12,-17.62,-1.03,-4.42,-16.84,-1.09,-3.24
s ,63,29,52,97,55,101,79,24,58,55.96,24.94,49.71,1.09,-29.88,-40.69,1.18,4.9,-3.05,-21.48,0.56,-1.71,-17.89,-0.45,-2.56,-20.45,-0.54,-3.5
o ,74,40,61,110,66,110,111,29,68,45.06,14.11,40.33,-11.05,-40.91,-50.03,-30.16,0.21,-12.73,-23.93,0.49,-2.37,-20.46,-0.52,-3.26,-22.27,-0.89,-4.06
d ,62,51,68,99,63,98,115,27,57,51.45,-3.04,25.05,-3.08,-38.33,-38.84,-36.86,2.33,-1.87,-23.41,-1.64,-6.52,-21.62,-1.39,-5.74,-20.49,-1.22,-3.76
s ,51,28,50,86,45,86,63,22,50,62.15,20.37,43.8,9.59,-20.19,-26.36,14.67,7.52,5.3,-27.2,-3.47,-8.4,-30.45,-2.53,-8.66,-23.76,-0.93,-3.17
o ,72,77,92,98,98,125,96,39,70,41.46,-28.91,1.47,-2.01,-73.29,-65.54,-17.56,-9.56,-14.62,-22.7,-1.8,-6.67,-20.66,-1.37,-5.89,-20.25,-1.43,-4.22
d ,46,47,72,81,57,94,88,26,53,63.97,1.39,20.44,14.62,-32.22,-35.23,-13.39,3.47,1.88,-20.1,-0.65,-5.92,-17.73,-0.96,-4.51,-17.3,-0.9,-3.1
o ,59,67,81,85,81,114,86,38,68,53.11,-18.74,12.34,10.15,-56.22,-54.7,-9.19,-8.43,-12.76,-21.3,-1.83,-6.49,-18.61,-1.32,-5.49,-18.37,-1.65,-4.16
s ,54,27,50,93,46,86,80,23,53,55.22,21.5,42.8,5.22,-21.1,-27.14,-6.65,6.48,1.87,-15.61,-1.5,-5.8,-12.59,-0.69,-4.42,-12.18,-1.8,-4.45
d ,49,38,58,100,62,108,106,26,57,70.53,17.42,44.9,0.06,-36.84,-47.72,-24.47,3.29,-1.64,-25.04,-0.83,-3.82,-22.12,-0.86,-3.97,-23.79,-1.6,-4.53
h ,86,30,57,119,57,104,101,25,62,34.17,26.44,46.83,-17.7,-31.72,-43.39,-17.3,4.11,-6.56,-25.69,-1.18,-4.63,-21.69,-0.95,-3.98,-25.36,-1.36,-4.51
s ,59,27,51,94,46,87,76,24,54,54.98,21.59,43.47,2.57,-20.98,-26.45,3.47,5.56,1.78,-20.44,-1.91,-5.9,-20.01,-1.26,-5.56,-19.57,-1.7,-5.04
s ,59,28,51,93,57,98,86,26,59,60.96,28.2,52.66,7.43,-31.79,-37.53,-3.45,3.19,-3.64,-25.47,-0.24,-4.57,-18.6,-0.96,-3.52,-23.25,-1.44,-4.28
o ,69,72,94,90,79,120,79,43,72,43.71,-22.33,0.06,9.54,-54.27,-60.89,-3.23,-13.67,-17.18,-21.29,-0.48,-4.03,-28.07,-1.29,-6.06,-19.32,-0.67,-3.45
d ,54,46,73,107,61,107,97,25,52,64.83,7.09,26.61,-5.23,-35.99,-47.02,-16.52,4.26,3.15,-24.22,0.27,-2.29,-25.15,-0.87,-4.29,-23.19,-1.56,-4.28
s ,58,30,52,91,50,90,68,23,53,55.28,19.94,42.55,8.99,-25.21,-30.79,8.27,6.39,1.89,-22.52,-0.27,-4.55,-33.18,-1.63,-7.13,-19.05,-0.53,-3.21
h ,85,30,57,117,49,94,93,25,60,28.92,18.69,37.62,-20.88,-23.78,-32.93,-13.08,4.26,-4,-21.87,-2.2,-6.5,-19.5,-1.68,-6.94,-20.61,-1.24,-4.91
h ,71,29,55,109,47,93,102,25,58,37.6,19,37.6,-6.44,-22,-34.2,-31.39,4.2,-3.4,-17.16,0.25,-5.07,-23.18,-1.03,-4.48,-12.95,-0.73,-3.06
h ,73,28,53,112,49,93,98,24,60,37.88,20.65,39.71,-16.52,-25.04,-34.47,-25.45,4.18,-6.13,-19.52,0,-2.98,-20.99,-0.39,-5.04,-16.54,0.23,-2.69
s ,59,29,52,94,57,102,93,26,58,60.47,26.35,50.82,6.11,-31.85,-41.75,-11.48,3.21,-2.7,-26.15,2.23,-1.82,-13.57,0.04,-2.06,-21.93,-1.31,-4.4
s ,51,32,55,77,45,85,68,24,52,58.24,16.19,37.27,19.92,-20.28,-26.25,6.12,5.46,2.91,-32.24,-2.1,-8.85,-29.88,-2.04,-6.98,-25.53,0.17,-1.84
h ,86,28,53,123,54,99,108,25,60,34.15,24.67,45.96,-19.36,-29.33,-39.07,-26.6,3.21,-5.91,-25.7,-0.06,-2.75,-27.53,-0.69,-4.67,-23.96,-0.43,-3.09
d ,54,48,66,87,63,98,123,27,58,57.56,1.35,27.57,12.04,-38.33,-39.11,-48.28,2.17,-3.38,-20.04,-0.61,-4.32,-22.48,-0.85,-4.92,-17.98,-0.31,-2.84
h ,92,30,57,121,48,95,101,24,60,27.79,18.25,37.38,-18.9,-23.19,-34.44,-12.53,7.72,-1.44,-25.49,-1.46,-5.92,-20.99,-0.98,-5.94,-26.05,-3.18,-7.15
d ,53,40,60,101,59,102,97,25,54,64.25,12.01,38.11,1.42,-34.09,-42.35,-17.37,4.26,1.04,-23.67,-0.48,-4.12,-27.76,-1.14,-5.03,-23,-1.45,-4.09
s ,66,28,52,98,47,88,83,25,57,51.09,20.24,42.22,0.63,-22.18,-27.75,-0.59,5.46,-0.29,-17.52,-1.06,-5.42,-9.42,-0.38,-4.25,-12.75,-1.27,-4.55
s ,65,28,52,93,49,90,74,24,56,46.96,21.66,42.08,6.71,-24.22,-31.02,1.5,5.36,-1.17,-20.99,-0.98,-4.89,-21.32,-0.74,-4.57,-17.49,0.37,-1.98
h ,83,29,54,120,51,95,108,25,61,36.19,21,42,-14.86,-26.2,-35.4,-24.68,4.21,-5.81,-27.05,-0.83,-5.72,-30.5,-1.17,-5.8,-26.93,-1.03,-4.09
s ,56,26,50,94,50,87,83,24,54,53.57,21.97,43.47,2,-25.22,-27.11,-8.04,5.69,1.43,-12.99,0.23,-5.97,-14.35,-0.55,-5.4,-14.51,-2.68,-5.15
h ,82,30,56,113,48,94,98,24,60,29.68,18.15,38.23,-17.56,-23.01,-33.02,-20.34,6.01,-3.83,-17.85,-0.83,-6.74,-15.41,-1.11,-6.7,-17.78,-2.53,-5.31
s ,56,26,51,96,55,99,72,22,54,63.07,28.12,50.19,5.71,-29.87,-38.94,9.31,7.35,1.33,-22.55,1.43,-2.64,-27.76,-2.02,-5.59,-25.3,-3.26,-5.95
d ,58,62,86,85,61,93,88,24,53,45.29,-14.57,5.06,11.38,-36.43,-34.66,-18.39,5.31,1.53,-9.95,-0.19,-3.63,-16.56,-0.73,-4.12,-10.08,-1.78,-3.64
o ,55,58,76,89,84,118,83,36,69,62.31,-5.84,22.37,13.68,-59.12,-58.43,-2.94,-6.73,-13.94,-23.2,-0.1,-3.45,-27.1,-1,-4.68,-22.83,-1.41,-4.02
h ,65,28,53,100,47,90,98,25,58,35.74,19.29,37.57,-2.93,-22.56,-32.41,-33.15,3.9,-4.47,-7.81,-0.18,-3.18,-17.45,-0.65,-3.4,-5.43,-1.22,-2.56
s ,62,28,51,96,46,89,87,24,56,45.26,19.6,39.9,-0.36,-21.47,-30.92,-14.43,5.45,-1.11,-12.49,-0.84,-3.09,-4.75,-0.13,-2.29,-11.45,-1.57,-4.16
s ,56,27,51,93,60,101,71,24,55,62.77,27.03,50.2,6.91,-34.9,-40.95,9.68,5.23,0.24,-23.82,2.07,-1,-35.11,-2.05,-6.94,-28.6,-2.97,-5.27
s ,58,25,48,98,46,89,73,22,53,55.25,25.26,47,3.64,-21.21,-29.95,3.52,7.18,1.73,-14.78,-3.71,-5.5,-20.27,-1.61,-5.54,-14.66,-2.17,-4.37
h ,82,29,54,119,50,98,105,25,59,34.9,23.4,45,-15.9,-25.4,-38.8,-24.31,4.1,-4.1,-23.78,-1.23,-6.22,-28.14,-0.99,-5.08,-24.09,-1.2,-3.95
d ,55,61,90,75,55,91,84,24,54,57.14,-13.14,2.87,20.93,-30.36,-31.88,-6.73,5.47,1.28,-20.84,-1.47,-5.72,-18.73,-1.18,-5.22,-17.81,-1.28,-3.87
d ,66,69,93,90,63,100,99,25,57,45.97,-20.93,0.18,6.34,-38.24,-40.56,-21.73,4.74,-1.5,-19.64,-1.45,-5.6,-17.03,-1.08,-5.15,-16.77,-1.46,-4.03
h ,79,30,55,115,51,96,109,25,59,35.4,22.19,41.2,-3.31,-25.44,-36.8,-28.94,5.27,-3.66,-22.4,-3.91,-6.61,-36.29,-2.13,-5.77,-23.32,-2.09,-4.13
h ,69,27,53,106,47,90,87,24,55,35.81,19.86,36.67,-18.69,-23.24,-33.71,-18.59,4.87,-0.88,-13.32,0.16,-2.39,-7.12,0.02,-2.06,-10.04,-0.74,-2.88
h ,80,29,55,116,50,95,102,25,59,34.08,21.8,40.86,-14.76,-24.92,-35.71,-24.53,4,-4.19,-21.98,-2.12,-6.03,-26.08,-1.67,-5.82,-20.91,-0.9,-3.7
